{"cameraMode":{"drawMode":0,"name":"Shaded","section":"Shading Mode"},"sceneLighting":true,"audioPlay":false,"sceneViewState":{"showFog":true,"showMaterialUpdate":false,"showSkybox":true,"showFlares":true,"showImageEffects":true,"showParticleSystems":true},"in2DMode":false,"pivot":{"x":14.958256721496582,"y":0.7326869964599609,"z":2.6750106811523439},"rotation":{"x":-0.26759275794029238,"y":-0.1261616349220276,"z":0.035366274416446689,"w":-0.9545817375183106},"size":40.742794036865237,"orthographic":false}